Order,Family,Species,Occurrence,FishBase name,NamePerciformes,Acanthuridae,Prionurus maculatus,native ,Yellowspotted sawtail ,Yellowspotted sawtail Perciformes,Acanthuridae,Prionurus microlepidotus,native ,Sixplate sawtail ,Sixplate sawtail Lophiiformes,Antennariidae,Antennarius commerson,native ,Commerson's frogfish ,Giant anglerfish Lophiiformes,Antennariidae,Antennarius hispidus,native ,Shaggy angler ,Shaggy anglerfish Lophiiformes,Antennariidae,Antennarius pictus,native ,Painted frogfish ,Painted anglerfish Lophiiformes,Antennariidae,Antennarius striatus,native ,Striated frogfish ,Striate anglerfish Lophiiformes,Antennariidae,Antennatus coccineus,native ,Scarlet frogfish ,Freckled anglerfish Lophiiformes,Antennariidae,Antennatus nummifer,native ,Spotfin frogfish ,Spotfin anglerfish Lophiiformes,Antennariidae,Histiophryne bougainvilli,native ,Bougainvilles anglerfish ,Smooth anglerfish Lophiiformes,Antennariidae,Histiophryne cryptacanthus,native ,Cryptic anglerfish ,Rodless anglerfish Lophiiformes,Antennariidae,Histrio histrio,native ,Sargassumfish ,Sargassum fish Perciformes,Apogonidae,Apogon crassiceps,native ,Transparent cardinalfish ,Ruby cardinalfish Perciformes,Apogonidae,Apogon semiornatus,native ,Oblique-banded cardinalfish ,Halfband cardinalfish Perciformes,Apogonidae,Apogonichthyoides chrysurus,native ,Golden cardinalfish ,Golden cardinalfish Perciformes,Apogonidae,Apogonichthyoides nigripinnis,native ,Bullseye ,Two-eye cardinalfish Perciformes,Apogonidae,Cheilodipterus quinquelineatus,native ,Five-lined cardinalfish ,Fiveline cardinalfish Perciformes,Apogonidae,Ostorhinchus aureus,native ,Ring-tailed cardinalfish ,Ringtail cardinalfish Perciformes,Apogonidae,Ostorhinchus capricornis,native ,Capricorn cardinalfish ,Capricorn cardinalfish Perciformes,Apogonidae,Ostorhinchus cyanosoma,native ,Yellowstriped cardinalfish ,Orangelined cardinalfish Perciformes,Apogonidae,Ostorhinchus doederleini,native ,Doederlein's cardinalfish ,Fourline cardinalfish Perciformes,Apogonidae,Ostorhinchus fasciatus,native ,Broadbanded cardinalfish ,Striped cardinalfish Perciformes,Apogonidae,Ostorhinchus hartzfeldii,native ,Hartzfeld's cardinalfish ,Silverlined cardinalfish Perciformes,Apogonidae,Ostorhinchus norfolcensis,native ,Norfolk cardinalfish ,Norfolk cardinalfish Perciformes,Apogonidae,Ostorhinchus properuptus,native ,Southern orange-lined cardinal fish ,Coral cardinalfish Perciformes,Apogonidae,Ostorhinchus taeniophorus,native ,Reef-flat cardinalfish ,Pearly-line cardinalfish Perciformes,Apogonidae,Pristiapogon fraenatus,native ,Bridled cardinalfish ,Spinyeye cardinalfish Perciformes,Apogonidae,Pseudamia gelatinosa,native ,Gelatinous cardinalfish ,Gelatinous cardinalfish Perciformes,Apogonidae,Vincentia novaehollandiae,native ,Eastern gobbleguts ,Eastern gobbleguts Atheriniformes,Atherinidae,Hypoatherina temminckii,native ,Samoan silverside ,Samoan hardyhead Aulopiformes,Aulopidae,Latropiscis purpurissatus,native ,Sergeant baker ,Sergeant baker Syngnathiformes,Aulostomidae,Aulostomus chinensis,native ,Chinese trumpetfish ,Trumpetfish Beloniformes,Belonidae,Ablennes hians,native ,Flat needlefish ,Barred longtom Beloniformes,Belonidae,Strongylura leiura,native ,Banded needlefish ,Slender longtom Beloniformes,Belonidae,Tylosurus acus acus,native ,Agujon needlefish ,Keeljaw longtom Beloniformes,Belonidae,Tylosurus crocodilus,native ,Hound needlefish ,Crocodile longtom Beloniformes,Belonidae,Tylosurus gavialoides,native ,Stout longtom ,Stout longtom Perciformes,Blenniidae,Aspidontus dussumieri,native ,Lance blenny ,Slender sabretooth blenny Perciformes,Blenniidae,Aspidontus taeniatus,native ,False cleanerfish ,Mimic blenny Perciformes,Blenniidae,Blenniella paula,native ,Bluedash rockskipper ,Bluedash rockskipper Perciformes,Blenniidae,Cirripectes alboapicalis,native ,Blackblotch blenny ,Whitedotted blenny Perciformes,Blenniidae,Cirripectes castaneus,native ,Chestnut eyelash-blenny ,Chestnut eyelash-blenny Perciformes,Blenniidae,Ecsenius fourmanoiri,native ,Blackstriped combtooth blenny ,Blackstriped combtooth blenny Perciformes,Blenniidae,Enchelyurus ater,native ,Black blenny ,Black blenny Perciformes,Blenniidae,Istiblennius edentulus,native ,Rippled rockskipper ,Coral blenny Perciformes,Blenniidae,Istiblennius meleagris,endemic ,Peacock rockskipper ,Peacock rockskipper Perciformes,Blenniidae,Meiacanthus atrodorsalis,native ,Forktail blenny ,Eyelash fangblenny Perciformes,Blenniidae,Meiacanthus lineatus,native ,Lined fangblenny ,Lined fangblenny Perciformes,Blenniidae,Meiacanthus phaeus,native ,,Twilight fangblenny Perciformes,Blenniidae,Petroscirtes fallax,native ,Deceiver fangbelly ,Deceiver fangbelly Perciformes,Blenniidae,Plagiotremus laudandus,native ,Bicolour fangblenny ,Bicolour fangblenny Perciformes,Blenniidae,Plagiotremus rhinorhynchos,native ,Bluestriped fangblenny ,Bluestriped fangblenny Perciformes,Blenniidae,Plagiotremus tapeinosoma,native ,Piano fangblenny ,Piano fangblenny Perciformes,Blenniidae,Salarias fasciatus,native ,Jewelled blenny ,Banded blenny Perciformes,Blenniidae,Stanulus talboti,native ,Talbot's blenny ,Talbot's blenny Pleuronectiformes,Bothidae,Engyprosopon grandisquama,native ,Largescale flounder ,Spiny-head flounder Orectolobiformes,Brachaeluridae,Brachaelurus waddi,native ,Blind shark ,Blind shark Ophidiiformes,Bythitidae,Dermatopsis macrodon,native ,Fleshfish ,Eastern yellow blindfish Ophidiiformes,Bythitidae,Diancistrus longifilis,native ,Twinhook cusk ,Twinhook cusk Ophidiiformes,Bythitidae,Monothrix polylepis,native ,Littoral cusk ,Littoral cusk Perciformes,Caesionidae,Caesio caerulaurea,native ,Blue and gold fusilier ,Goldband fusilier Perciformes,Caesionidae,Caesio cuning,native ,Redbelly yellowtail fusilier ,Yellowtail fusilier Perciformes,Caesionidae,Dipterygonotus balteatus,native ,Mottled fusilier ,Mottled fusilier Perciformes,Caesionidae,Pterocaesio chrysozona,native ,Goldband fusilier ,Yellowband fusilier Perciformes,Caesionidae,Pterocaesio digramma,native ,Double-lined fusilier ,Doubleline fusilier Perciformes,Callanthiidae,Callanthias allporti,native ,Splendid sea perch ,Rosy perch Perciformes,Callanthiidae,Callanthias australis,native ,Magnificent splendid perch ,Splendid perch Perciformes,Callionymidae,Dactylopus dactylopus,native ,Fingered dragonet ,Fingered dragonet Perciformes,Callionymidae,Eocallionymus papilio,native ,Painted stinkfish ,Painted stinkfish Perciformes,Carangidae,Alectis ciliaris,native ,African pompano ,Pennantfish Perciformes,Carangidae,Alectis indica,native ,Indian threadfish ,Diamond trevally Perciformes,Carangidae,Atule mate,native ,Yellowtail scad ,Barred yellowtail scad Perciformes,Carangidae,Carangoides chrysophrys,native ,Longnose trevally ,Longnose trevally Perciformes,Carangidae,Carangoides coeruleopinnatus,native ,Coastal trevally ,Onion trevally Perciformes,Carangidae,Carangoides malabaricus,native ,Malabar trevally ,Malabar trevally Perciformes,Carangidae,Carangoides orthogrammus,native ,Island trevally ,Thicklip trevally Perciformes,Carangidae,Caranx ignobilis,native ,Giant trevally ,Giant trevally Perciformes,Carangidae,Caranx melampygus,native ,Bluefin trevally ,Bluefin trevally Perciformes,Carangidae,Caranx sexfasciatus,native ,Bigeye trevally ,Bigeye trevally Perciformes,Carangidae,Decapterus macrosoma,native ,Shortfin scad ,Slender scad Perciformes,Carangidae,Decapterus tabl,native ,Roughear scad ,Rough-ear scad Perciformes,Carangidae,Elagatis bipinnulata,native ,Rainbow runner ,Rainbow runner Perciformes,Carangidae,Megalaspis cordyla,native ,Torpedo scad ,Finny scad Perciformes,Carangidae,Naucrates ductor,native ,Pilotfish ,Pilotfish Perciformes,Carangidae,Pseudocaranx dentex,native ,White trevally ,Silver trevally Perciformes,Carangidae,Scomberoides lysan,native ,Doublespotted queenfish ,Lesser queenfish Perciformes,Carangidae,Seriola dumerili,native ,Greater amberjack ,Amberjack Perciformes,Carangidae,Seriola rivoliana,native ,Longfin yellowtail ,Highfin amberjack Perciformes,Carangidae,Seriolina nigrofasciata,native ,Blackbanded trevally ,Blackbanded amberjack Perciformes,Carangidae,Trachinotus baillonii,native ,Small spotted dart ,Smallspotted dart Perciformes,Carangidae,Trachinotus blochii,native ,Snubnose pompano ,Snubnose dart Ophidiiformes,Carapidae,Onuxodon fowleri,native ,Fowler's pearlfish ,Fowler's pearlfish Ophidiiformes,Carapidae,Onuxodon margaritiferae,native ,Bivalve pearlfish ,Cucumber pearlfish Carcharhiniformes,Carcharhinidae,Carcharhinus altimus,native ,Bignose shark ,Bignose shark Carcharhiniformes,Carcharhinidae,Carcharhinus brachyurus,native ,Copper shark ,Bronze whaler Carcharhiniformes,Carcharhinidae,Carcharhinus brevipinna,native ,Spinner shark ,Long-nose grey shark Carcharhiniformes,Carcharhinidae,Carcharhinus cautus,native ,Nervous shark ,Nervous shark Carcharhiniformes,Carcharhinidae,Carcharhinus falciformis,native ,Silky shark ,Silky shark Carcharhiniformes,Carcharhinidae,Carcharhinus galapagensis,native ,Galapagos shark ,Galapagos shark Carcharhiniformes,Carcharhinidae,Carcharhinus leucas,native ,Bull shark ,Ngan.gu Carcharhiniformes,Carcharhinidae,Carcharhinus limbatus,native ,Blacktip shark ,Common blacktip shark Carcharhiniformes,Carcharhinidae,Carcharhinus obscurus,native ,Dusky shark ,Dusky whaler Carcharhiniformes,Carcharhinidae,Triaenodon obesus,native ,Whitetip reef shark ,Whitetip reef shark Syngnathiformes,Centriscidae,Aeoliscus strigatus,native ,Razorfish ,Jointed razorfish Syngnathiformes,Centriscidae,Centriscus scutatus,native ,Grooved razor-fish ,Grooved razorfish Perciformes,Chaetodontidae,Amphichaetodon howensis,native ,Lord Howe Island butterflyfish ,Lord Howe butterflyfish Perciformes,Chaetodontidae,Chaetodon aureofasciatus,native ,Golden butterflyfish ,Goldstripe butterflyfish Perciformes,Chaetodontidae,Chaetodon auriga,native ,Threadfin butterflyfish ,Threadfin butterflyfish Perciformes,Chaetodontidae,Chaetodon citrinellus,native ,Speckled butterflyfish ,Citron butterflyfish Perciformes,Chaetodontidae,Chaetodon ephippium,native ,Saddle butterflyfish ,Saddle butterflyfish Perciformes,Chaetodontidae,Chaetodon flavirostris,native ,Black butterflyfish ,Dusky butterflyfish Perciformes,Chaetodontidae,Chaetodon guentheri,native ,Crochet butterflyfish ,Gunther's butterflyfish Perciformes,Chaetodontidae,Chaetodon kleinii,native ,Sunburst butterflyfish ,Klein's butterflyfish Perciformes,Chaetodontidae,Chaetodon lineolatus,native ,Lined butterflyfish ,Lined butterflyfish Perciformes,Chaetodontidae,Chaetodon lunula,native ,Raccoon butterflyfish ,Racoon butterflyfish Perciformes,Chaetodontidae,Chaetodon lunulatus,native ,Oval butterflyfish ,Pinstripe butterflyfish Perciformes,Chaetodontidae,Chaetodon melannotus,native ,Blackback butterflyfish ,Blackback butterflyfish Perciformes,Chaetodontidae,Chaetodon mertensii,native ,Atoll butterflyfish ,Mertens' butterflyfish Perciformes,Chaetodontidae,Chaetodon pelewensis,native ,Sunset butterflyfish ,Dot-and-dash butterflyfish Perciformes,Chaetodontidae,Chaetodon plebeius,native ,Blueblotch butterflyfish ,Bluespot butterflyfish Perciformes,Chaetodontidae,Chaetodon tricinctus,native ,Three-striped butterflyfish ,Threeband butterflyfish Perciformes,Chaetodontidae,Chaetodon trifascialis,native ,Chevron butterflyfish ,Chevron butterflyfish Perciformes,Chaetodontidae,Chaetodon ulietensis,native ,Pacific double-saddle butterflyfish ,Doublesaddle butterflyfish Perciformes,Chaetodontidae,Chaetodon unimaculatus,native ,Teardrop butterflyfish ,Teardrop butterflyfish Perciformes,Chaetodontidae,Chaetodon vagabundus,native ,Vagabond butterflyfish ,Vagabond butterflyfish Perciformes,Chaetodontidae,Chelmon rostratus,native ,Copperband butterflyfish ,Beaked coralfish Perciformes,Chaetodontidae,Chelmonops truncatus,native ,Truncate coralfish ,Eastern talma Perciformes,Chaetodontidae,Coradion altivelis,native ,Highfin coralfish ,Highfin coralfish Perciformes,Chaetodontidae,Forcipiger flavissimus,native ,Longnose butterfly fish ,Forceps fish Perciformes,Chaetodontidae,Hemitaurichthys polylepis,native ,Pyramid butterflyfish ,Pyramid butterflyfish Perciformes,Chaetodontidae,Heniochus acuminatus,native ,Pennant coralfish ,Longfin bannerfish Perciformes,Chaetodontidae,Heniochus chrysostomus,native ,Threeband pennantfish ,Pennant bannerfish Perciformes,Chaetodontidae,Heniochus diphreutes,native ,False moorish idol ,Schooling bannerfish Perciformes,Chaetodontidae,Heniochus monoceros,native ,Masked bannerfish ,Masked bannerfish Perciformes,Chaetodontidae,Parachaetodon ocellatus,native ,Sixspine butterflyfish ,Ocellate butterflyfish Perciformes,Cheilodactylidae,Cheilodactylus fuscus,native ,Red morwong ,Red morwong Perciformes,Cheilodactylidae,Cheilodactylus nigripes,native ,Magpie perch ,Magpie perch Perciformes,Cheilodactylidae,Cheilodactylus vestitus,native ,Crested morwong ,Crested morwong Perciformes,Cheilodactylidae,Dactylophora nigricans,native ,Dusky morwong ,Dusky morwong Perciformes,Chironemidae,Chironemus maculosus,native ,Silver spot ,Silver spot Perciformes,Chironemidae,Chironemus marmoratus,native ,Kelpfish ,Eastern kelpfish Perciformes,Cirrhitidae,Cirrhitichthys aprinus,native ,Spotted hawkfish ,Blotched hawkfish Perciformes,Cirrhitidae,Cirrhitichthys falco,native ,Dwarf hawkfish ,Dwarf hawkfish Perciformes,Cirrhitidae,Cirrhitichthys oxycephalus,native ,Coral hawkfish ,Spotted hawkfish Perciformes,Cirrhitidae,Cyprinocirrhites polyactis,native ,Swallowtail hawkfish ,Lyretail hawkfish Perciformes,Cirrhitidae,Notocirrhitus splendens,native ,Splendid hawkfish ,Splendid hawkfish Perciformes,Cirrhitidae,Paracirrhites forsteri,native ,Blackside hawkfish ,Freckled hawkfish Clupeiformes,Clupeidae,Sardinella gibbosa,native ,Goldstripe sardinella ,Tembang Anguilliformes,Congridae,Ariosoma scheelei,native ,Tropical conger ,Tropical conger Anguilliformes,Congridae,Conger verreauxi,native ,Conger ,Southern conger Anguilliformes,Congridae,Conger wilsoni,native ,Cape conger ,Eastern conger Scorpaeniformes,Dactylopteridae,Dactyloptena orientalis,native ,Oriental flying gurnard ,Purple flying gurnard Myliobatiformes,Dasyatidae,Himantura fai,native ,Pink whipray ,Pink whipray Myliobatiformes,Dasyatidae,Himantura uarnak,native ,Honeycomb stingray ,Yidi Myliobatiformes,Dasyatidae,Neotrygon kuhlii,native ,Blue-spotted stingray ,Bluespotted maskray Myliobatiformes,Dasyatidae,Pastinachus sephen,native ,Cowtail stingray ,Gundurru Perciformes,Echeneidae,Echeneis naucrates,native ,Live sharksucker ,Sharksucker Perciformes,Echeneidae,Remora remora,native ,Shark sucker ,Remora Perciformes,Enoplosidae,Enoplosus armatus,native ,Old wife ,Old wife Syngnathiformes,Fistulariidae,Fistularia commersonii,native ,Bluespotted cornetfish ,Smooth flutemouth Syngnathiformes,Fistulariidae,Fistularia petimba,native ,Red cornetfish ,Rough flutemouth Gobiesociformes,Gobiesocidae,Lepadichthys frenatus,native ,,Perciformes,Gobiidae,Amblygobius phalaena,native ,Whitebarred goby ,Banded goby Perciformes,Gobiidae,Asterropteryx semipunctata,native ,Starry goby ,Starry goby Perciformes,Gobiidae,Bathygobius cocosensis,native ,Cocos frill-goby ,Cocos goby Perciformes,Gobiidae,Bathygobius cyclopterus,native ,Spotted frillgoby ,Cyclops frillgoby Perciformes,Gobiidae,Bryaninops loki,native ,Loki whip-goby ,Loki whip-goby Perciformes,Gobiidae,Callogobius depressus,native ,Flathead goby ,Flathead goby Perciformes,Gobiidae,Callogobius hasseltii,native ,Hasselt's goby ,Perciformes,Gobiidae,Callogobius maculipinnis,native ,Ostrich goby ,Ostrich goby Perciformes,Gobiidae,Callogobius mucosus,native ,Sculptured goby ,Sculptured goby Perciformes,Gobiidae,Eviota hoesei,native ,Doug's Eviota ,Doug's Eviota Perciformes,Gobiidae,Eviota infulata,native ,Epaulet dwarfgoby ,Shouldermark Eviota Perciformes,Gobiidae,Eviota prasina,native ,Rubble Eviota ,Rubble Eviota Perciformes,Gobiidae,Eviota readerae,native ,Sally's eviota ,Sally's eviota Perciformes,Gobiidae,Eviota sparsa,native ,Speckled dwarfgoby ,Sparse eviota Perciformes,Gobiidae,Fusigobius duospilus,native ,Barenape goby ,Twospot sandgoby Perciformes,Gobiidae,Fusigobius neophytus,native ,Common fusegoby ,Neophyte sandgoby Perciformes,Gobiidae,Gnatholepis anjerensis,native ,Eye-bar goby ,Eye-bar sand-goby Perciformes,Gobiidae,Gnatholepis cauerensis,native ,Eyebar goby ,Bridled goby Perciformes,Gobiidae,Gobiodon okinawae,native ,Okinawa goby ,Okinawa goby Perciformes,Gobiidae,Istigobius decoratus,native ,Decorated goby ,Decorated sandgoby Perciformes,Gobiidae,Macrodontogobius wilburi,native ,Largetooth goby ,Wilbur's goby Perciformes,Gobiidae,Paragobiodon lacunicolus,native ,Blackfin coral goby ,Blackfin coralgoby Perciformes,Gobiidae,Paragobiodon modestus,native ,Warthead goby ,Redhead goby Perciformes,Gobiidae,Paragobiodon xanthosoma,native ,Emerald coral goby ,Yellow coral goby Perciformes,Gobiidae,Pleurosicya mossambica,native ,Toothy goby ,Mozambique ghostgoby Perciformes,Gobiidae,Priolepis akihitoi,native ,Emperor reefgoby ,Emperor reefgoby Perciformes,Gobiidae,Priolepis cincta,native ,Girdled goby ,Banded reef goby Perciformes,Gobiidae,Priolepis cyanocephala,native ,,Perciformes,Gobiidae,Priolepis nuchifasciata,native ,Orange reef-goby ,Orange reef-goby Perciformes,Gobiidae,Trimma caesiura,native ,Caesiura goby ,Caesiura pygmy goby Perciformes,Gobiidae,Trimma necopina,native ,Orange-speckled pygmy-goby ,Australian pygmy goby Perciformes,Gobiidae,Valenciennea helsdingenii,native ,Twostripe goby ,Blacklined glider goby Perciformes,Gobiidae,Valenciennea immaculata,native ,Red-lined sleeper ,Immaculate glider goby Perciformes,Gobiidae,Valenciennea longipinnis,native ,Long-finned goby ,Long-finned goby Perciformes,Gobiidae,Valenciennea strigata,native ,Blueband goby ,Blueband glider goby Perciformes,Haemulidae,Diagramma pictum,native ,Painted sweetlips ,Painted sweetlips Perciformes,Haemulidae,Plectorhinchus albovittatus,questionable ,Two-striped sweetlips ,Giant sweetlips Perciformes,Haemulidae,Plectorhinchus flavomaculatus,native ,Lemonfish ,Goldspotted sweetlips Perciformes,Haemulidae,Plectorhinchus gibbosus,native ,Harry hotlips ,Brown sweetlips Perciformes,Haemulidae,Plectorhinchus picus,native ,Painted sweetlip ,Dotted sweetlips Perciformes,Haemulidae,Plectorhinchus schotaf,native ,Minstrel sweetlips ,Sombre sweetlips Perciformes,Haemulidae,Pomadasys kaakan,native ,Javelin grunter ,Barred javelin Beloniformes,Hemiramphidae,Hyporhamphus dussumieri,native ,Dussumier's halfbeak ,Slender garfish Orectolobiformes,Hemiscylliidae,Chiloscyllium punctatum,native ,Brownbanded bambooshark ,Grey carpetshark Orectolobiformes,Hemiscylliidae,Hemiscyllium ocellatum,native ,Epaulette shark ,Epaulette shark Heterodontiformes,Heterodontidae,Heterodontus galeatus,native ,Crested bullhead shark ,Crested horn shark Beryciformes,Holocentridae,Myripristis berndti,native ,Blotcheye soldierfish ,Bigscale soldierfish Beryciformes,Holocentridae,Myripristis chryseres,native ,Yellowfin soldierfish ,Yellowfin soldierfish Beryciformes,Holocentridae,Myripristis hexagona,native ,Doubletooth soldierfish ,Doubletooth soldierfish Beryciformes,Holocentridae,Myripristis murdjan,native ,Pinecone soldierfish ,Crimson soldierfish Beryciformes,Holocentridae,Ostichthys japonicus,native ,Japanese soldierfish ,Giant squirrelfish Beryciformes,Holocentridae,Pristilepis oligolepis,native ,Spinyface soldier ,Rough squirrelfish Beryciformes,Holocentridae,Sargocentron caudimaculatum,native ,Silverspot squirrelfish ,Whitetail squirrelfish Beryciformes,Holocentridae,Sargocentron diadema,native ,Crown squirrelfish ,Crown squirrelfish Beryciformes,Holocentridae,Sargocentron ittodai,native ,Samurai squirrelfish ,Samurai squirrelfish Beryciformes,Holocentridae,Sargocentron rubrum,native ,Redcoat ,Red squirrelfish Torpediniformes,Hypnidae,Hypnos monopterygius,native ,Australian numbfish ,Coffin ray Perciformes,Kuhliidae,Kuhlia mugil,native ,Barred flagtail ,Fivebar flagtail Perciformes,Kyphosidae,Atypichthys strigatus,native ,Australian mado ,Mado Perciformes,Kyphosidae,Girella zebra,native ,Zebra fish ,Zebrafish Perciformes,Kyphosidae,Kyphosus bigibbus,native ,Brown chub ,Grey drummer Perciformes,Kyphosidae,Kyphosus cinerascens,native ,Blue sea chub ,Snubnose drummer Perciformes,Kyphosidae,Kyphosus vaigiensis,native ,Brassy chub ,Brassy drummer Perciformes,Kyphosidae,Microcanthus strigatus,native ,Stripey ,Stripey Perciformes,Kyphosidae,Scorpis lineolata,native ,Silver sweep ,Silver sweep Perciformes,Labridae,Achoerodus viridis,native ,Eastern blue groper ,Eastern blue groper Perciformes,Labridae,Anampses caeruleopunctatus,native ,Bluespotted wrasse ,Diamond wrasse Perciformes,Labridae,Anampses elegans,native ,Elegant wrasse ,Elegant wrasse Perciformes,Labridae,Anampses femininus,native ,Blue-striped orange tamarin ,Bluetail wrasse Perciformes,Labridae,Anampses geographicus,native ,Geographic wrasse ,Scribbled wrasse Perciformes,Labridae,Anampses neoguinaicus,native ,New Guinea wrasse ,Blackback wrasse Perciformes,Labridae,Austrolabrus maculatus,native ,,Blackspotted wrasse Perciformes,Labridae,Bodianus axillaris,native ,Axilspot hogfish ,Coral pigfish Perciformes,Labridae,Bodianus frenchii,native ,Foxfish ,Foxfish Perciformes,Labridae,Bodianus izuensis,native ,Striped pigfish ,Striped pigfish Perciformes,Labridae,Bodianus mesothorax,native ,Splitlevel hogfish ,Eclipse pigfish Perciformes,Labridae,Bodianus perditio,native ,Golden-spot hogfish ,Goldspot pigfish Perciformes,Labridae,Bodianus unimaculatus,native ,Red pigfish ,Eastern pigfish Perciformes,Labridae,Cheilinus chlorourus,native ,Floral wrasse ,Floral maori wrasse Perciformes,Labridae,Cheilio inermis,native ,Cigar wrasse ,Sharpnose wrasse Perciformes,Labridae,Choerodon cephalotes,native ,Purple tuskfish ,Purple tuskfish Perciformes,Labridae,Choerodon cyanodus,native ,Blue tuskfish ,Blue tuskfish Perciformes,Labridae,Choerodon graphicus,native ,Graphic tuskfish ,Graphic tuskfish Perciformes,Labridae,Choerodon venustus,native ,Venus tuskfish ,Venus tuskfish Perciformes,Labridae,Cirrhilabrus punctatus,native ,Dotted wrasse ,Finespot wrasse Perciformes,Labridae,Coris aurilineata,native ,Goldlined coris ,Goldlined wrasse Perciformes,Labridae,Coris aygula,native ,Clown coris ,Redblotched wrasse Perciformes,Labridae,Coris batuensis,native ,Batu coris ,Variegated wrasse Perciformes,Labridae,Coris bulbifrons,native ,Doubleheader ,Doubleheader Perciformes,Labridae,Coris dorsomacula,native ,Pale-barred coris ,Pinklined wrasse Perciformes,Labridae,Coris gaimard,native ,African coris ,Clown wrasse Perciformes,Labridae,Coris picta,native ,Comb wrasse ,Comb wrasse Perciformes,Labridae,Coris pictoides,native ,Blackstripe coris ,Pixy wrasse Perciformes,Labridae,Coris sandeyeri,native ,Sandager's wrasse ,Eastern king wrasse Perciformes,Labridae,Cymolutes torquatus,native ,Finescale razorfish ,Razor wrasse Perciformes,Labridae,Halichoeres biocellatus,native ,Red-lined wrasse ,False-eyed wrasse Perciformes,Labridae,Halichoeres chrysus,native ,Canary wrasse ,Golden wrasse Perciformes,Labridae,Halichoeres hartzfeldii,native ,Hartzfeld's wrasse ,Orangeline wrasse Perciformes,Labridae,Halichoeres hortulanus,native ,Checkerboard wrasse ,Checkerboard wrasse Perciformes,Labridae,Halichoeres margaritaceus,native ,Pink-belly wrasse ,Pearly wrasse Perciformes,Labridae,Halichoeres marginatus,native ,Dusky wrasse ,Dusky wrasse Perciformes,Labridae,Halichoeres nebulosus,native ,Nebulous wrasse ,Cloud wrasse Perciformes,Labridae,Halichoeres prosopeion,native ,Twotone wrasse ,Twotone wrasse Perciformes,Labridae,Hemigymnus fasciatus,native ,Barred thicklip ,Fiveband wrasse Perciformes,Labridae,Hemigymnus melapterus,native ,Blackeye thicklip ,Thicklip wrasse Perciformes,Labridae,Hologymnosus annulatus,native ,Ring wrasse ,Ringed slender wrasse Perciformes,Labridae,Hologymnosus doliatus,native ,Pastel ringwrasse ,Pastel slender wrasse Perciformes,Labridae,Iniistius pavo,native ,Peacock wrasse ,Blue razorfish Perciformes,Labridae,Labroides dimidiatus,native ,Bluestreak cleaner wrasse ,Common cleanerfish Perciformes,Labridae,Leptojulis cyanopleura,native ,Shoulder-spot wrasse ,Shoulderspot wrasse Perciformes,Labridae,Macropharyngodon choati,native ,Choat's wrasse ,Choat's wrasse Perciformes,Labridae,Macropharyngodon kuiteri,native ,Black leopard wrasse ,Kuiter's wrasse Perciformes,Labridae,Macropharyngodon meleagris,native ,Blackspotted wrasse ,Leopard wrasse Perciformes,Labridae,Macropharyngodon negrosensis,native ,Yellowspotted wrasse ,Black leopard wrasse Perciformes,Labridae,Notolabrus fucicola,native ,Yellow-saddled wrasse ,Purple wrasse Perciformes,Labridae,Notolabrus gymnogenis,native ,Crimsonband wrasse ,Crimsonband wrasse Perciformes,Labridae,Notolabrus inscriptus,native ,Inscribed wrasse ,Inscribed wrasse Perciformes,Labridae,Notolabrus tetricus,native ,Blue-throated wrasse ,Bluethroat wrasse Perciformes,Labridae,Novaculoides macrolepidotus,native ,Seagrass wrasse ,Perciformes,Labridae,Novaculops pastellus,native ,Lord Howe sandy ,Lord Howe sandy Perciformes,Labridae,Oxycheilinus bimaculatus,native ,Two-spot wrasse ,Little maori wrasse Perciformes,Labridae,Oxycheilinus nigromarginatus,native ,Blackmargin maori wrasse ,Blackmargin maori wrasse Perciformes,Labridae,Pictilabrus laticlavius,native ,Patrician wrasse ,Purple-banded wrasse Perciformes,Labridae,Pseudocoris heteroptera,native ,Torpedo wrasse ,Zebra wrasse Perciformes,Labridae,Pseudocoris yamashiroi,native ,Redspot wrasse ,Japanese wrasse Perciformes,Labridae,Pseudojuloides cerasinus,native ,Smalltail wrasse ,Candy wrasse Perciformes,Labridae,Pseudojuloides elongatus,native ,Long green wrasse ,Long green wrasse Perciformes,Labridae,Pseudolabrus guentheri,native ,Günther's wrasse ,Gunther's wrasse Perciformes,Labridae,Pseudolabrus rubicundus,native ,Rosy wrasse ,Rosy wrasse Perciformes,Labridae,Pteragogus enneacanthus,native ,Cockerel wrasse ,Cockerel wrasse Perciformes,Labridae,Stethojulis bandanensis,native ,Red shoulder wrasse ,Redspot wrasse Perciformes,Labridae,Stethojulis interrupta,native ,Cutribbon wrasse ,Brokeline wrasse Perciformes,Labridae,Stethojulis strigiventer,native ,Three-ribbon wrasse ,Silverstreak wrasse Perciformes,Labridae,Stethojulis trilineata,native ,Three-lined rainbowfish ,Three-ribbon wrasse Perciformes,Labridae,Suezichthys arquatus,native ,Rainbow slender wrasse ,Painted rainbow wrasse Perciformes,Labridae,Suezichthys aylingi,native ,Crimson cleaner fish ,Crimson cleaner wrasse Perciformes,Labridae,Suezichthys devisi,native ,Gracilis wrasse ,Australian rainbow wrasse Perciformes,Labridae,Suezichthys gracilis,native ,Slender wrasse ,Slender rainbow wrasse Perciformes,Labridae,Thalassoma amblycephalum,native ,Bluntheaded wrasse ,Bluehead wrasse Perciformes,Labridae,Thalassoma hardwicke,native ,Sixbar wrasse ,Sixbar wrasse Perciformes,Labridae,Thalassoma lunare,native ,Moon wrasse ,Moon wrasse Perciformes,Labridae,Thalassoma lutescens,native ,Yellow-brown wrasse ,Green moon wrasse Perciformes,Labridae,Thalassoma nigrofasciatum,native ,Blackbarred wrasse ,Blackbarred wrasse Perciformes,Labridae,Thalassoma purpureum,native ,Surge wrasse ,Surge wrasse Perciformes,Labridae,Thalassoma quinquevittatum,native ,Fivestripe wrasse ,Red-ribbon wrasse Perciformes,Labridae,Thalassoma trilobatum,native ,Christmas wrasse ,Ladder wrasse Perciformes,Lateolabracidae,Lateolabrax japonicus,not established ,Japanese seabass ,Japanese seaperch Perciformes,Lethrinidae,Gnathodentex aureolineatus,native ,Striped large-eye bream ,Goldspot seabream Perciformes,Lethrinidae,Gymnocranius euanus,native ,Japanese large-eye bream ,Paddletail seabream Perciformes,Lethrinidae,Lethrinus genivittatus,native ,Longspine emperor ,Threadfin emperor Perciformes,Lethrinidae,Lethrinus laticaudis,native ,Grass emperor ,Grass emperor Perciformes,Lethrinidae,Lethrinus miniatus,native ,Trumpet emperor ,Redthroat emperor Perciformes,Lethrinidae,Lethrinus nebulosus,native ,Spangled emperor ,Spangled emperor Perciformes,Lethrinidae,Lethrinus rubrioperculatus,native ,Spotcheek emperor ,Spotcheek emperor Perciformes,Lutjanidae,Aphareus furca,native ,Small toothed jobfish ,Smalltooth jobfish Perciformes,Lutjanidae,Aprion virescens,native ,Green jobfish ,Green jobfish Perciformes,Lutjanidae,Etelis coruscans,native ,Deepwater longtail red snapper ,Flame snapper Perciformes,Lutjanidae,Lutjanus adetii,native ,Yellow-banded snapper ,Hussar Perciformes,Lutjanidae,Lutjanus argentimaculatus,native ,Mangrove red snapper ,Mangrove jack Perciformes,Lutjanidae,Lutjanus fulviflamma,native ,Dory snapper ,Blackspot snapper Perciformes,Lutjanidae,Lutjanus fulvus,native ,Blacktail snapper ,Blacktail snapper Perciformes,Lutjanidae,Lutjanus gibbus,native ,Humpback red snapper ,Paddletail Perciformes,Lutjanidae,Lutjanus kasmira,native ,Common bluestripe snapper ,Bluestriped snapper Perciformes,Lutjanidae,Lutjanus malabaricus,native ,Malabar blood snapper ,Saddletail snapper Perciformes,Lutjanidae,Lutjanus quinquelineatus,native ,Five-lined snapper ,Fiveline snapper Perciformes,Lutjanidae,Lutjanus russellii,native ,Russell's snapper ,Moses' snapper Perciformes,Lutjanidae,Lutjanus sebae,native ,Emperor red snapper ,Red emperor Perciformes,Lutjanidae,Paracaesio xanthura,native ,Yellowtail blue snapper ,False fusilier Perciformes,Lutjanidae,Pristipomoides argyrogrammicus,native ,Ornate jobfish ,Ornate snapper Perciformes,Malacanthidae,Malacanthus brevirostris,native ,Quakerfish ,Flagtail blanquillo Perciformes,Malacanthidae,Malacanthus latovittatus,native ,Blue blanquillo ,Blue blanquillo Perciformes,Menidae,Mene maculata,native ,Moonfish ,Razor moonfish Perciformes,Microdesmidae,Ptereleotris heteroptera,native ,Blacktail goby ,Perciformes,Microdesmidae,Ptereleotris microlepis,native ,Blue gudgeon ,Tetraodontiformes,Monacanthidae,Acreichthys radiatus,native ,Radial leatherjacket ,Tetraodontiformes,Monacanthidae,Acreichthys tomentosus,questionable ,Bristle-tail file-fish ,Tetraodontiformes,Monacanthidae,Brachaluteres jacksonianus,native ,Pigmy leatherjacket ,Pigmy leatherjacket Tetraodontiformes,Monacanthidae,Cantherhines pardalis,native ,Honeycomb filefish ,Honeycomb leatherjacket Tetraodontiformes,Monacanthidae,Cantheschenia grandisquamis,native ,Large-scaled leatherjacket ,Large-scaled leatherjacket Tetraodontiformes,Monacanthidae,Monacanthus chinensis,native ,Fan-bellied leatherjacket ,Fan-bellied leatherjacket Tetraodontiformes,Monacanthidae,Pervagor janthinosoma,native ,Blackbar filefish ,Tetraodontiformes,Monacanthidae,Pseudalutarius nasicornis,native ,Rhinoceros leatherjacket ,Beryciformes,Monocentridae,Cleidopus gloriamaris,native ,Pineapplefish ,Australian pineapplefish Beryciformes,Monocentridae,Monocentris japonica,native ,Pineconefish ,Japanese pineapplefish Gadiformes,Moridae,Pseudophycis breviuscula,native ,Northern bastard codling ,Bastard red cod Mugiliformes,Mugilidae,Crenimugil crenilabis,native ,Fringelip mullet ,Wartylip mullet Mugiliformes,Mugilidae,Ellochelon vaigiensis,native ,Squaretail mullet ,Diamondscale mullet Mugiliformes,Mugilidae,Myxus elongatus,native ,Sand grey mullet ,Sand mullet Mugiliformes,Mugilidae,Oedalechilus labiosus,native ,Hornlip mullet ,Hornlip mullet Perciformes,Mullidae,Mulloidichthys flavolineatus,native ,Yellowstripe goatfish ,Yellowstripe goatfish Perciformes,Mullidae,Mulloidichthys vanicolensis,native ,Yellowfin goatfish ,Goldstripe goatfish Perciformes,Mullidae,Parupeneus barberinoides,native ,Bicolor goatfish ,Bicolour goatfish Perciformes,Mullidae,Parupeneus barberinus,native ,Dash-and-dot goatfish ,Dot-and-dash goatfish Perciformes,Mullidae,Parupeneus ciliatus,native ,Whitesaddle goatfish ,Diamondscale goatfish Perciformes,Mullidae,Parupeneus cyclostomus,native ,Gold-saddle goatfish ,Goldsaddle goatfish Perciformes,Mullidae,Parupeneus multifasciatus,native ,Manybar goatfish ,Banded goatfish Perciformes,Mullidae,Parupeneus pleurostigma,native ,Sidespot goatfish ,Sidespot goatfish Perciformes,Mullidae,Parupeneus spilurus,native ,Blackspot goatfish ,Blacksaddle goatfish Perciformes,Mullidae,Upeneus moluccensis,native ,Goldband goatfish ,Goldband goatfish Perciformes,Mullidae,Upeneus tragula,native ,Freckled goatfish ,Bartail goatfish Anguilliformes,Muraenidae,Echidna nebulosa,native ,Starry moray ,Starry moray Anguilliformes,Muraenidae,Echidna polyzona,native ,Barred moray ,Girdled moray Anguilliformes,Muraenidae,Enchelycore ramosa,native ,Mosaic moray ,Mosaic moray Anguilliformes,Muraenidae,Gymnothorax chilospilus,native ,Lipspot moray ,Lipspot moray Anguilliformes,Muraenidae,Gymnothorax cribroris,native ,Sieve-patterned moray ,Sieve moray Anguilliformes,Muraenidae,Gymnothorax eurostus,native ,Abbott's moray eel ,Stout moray Anguilliformes,Muraenidae,Gymnothorax favagineus,native ,Laced moray ,Tessellate moray Anguilliformes,Muraenidae,Gymnothorax kidako,native ,Kidako moray ,Kidako moray Anguilliformes,Muraenidae,Gymnothorax melatremus,native ,Dwarf moray ,Dwarf moray Anguilliformes,Muraenidae,Gymnothorax meleagris,native ,Turkey moray ,Whitemouth moray Anguilliformes,Muraenidae,Gymnothorax nudivomer,native ,Yellowmouth moray ,Yellowmouth moray Anguilliformes,Muraenidae,Gymnothorax obesus,native ,Griffin's moray ,Speckled moray Anguilliformes,Muraenidae,Gymnothorax prasinus,native ,Yellow moray ,Green moray Anguilliformes,Muraenidae,Gymnothorax prionodon,native ,Australian mottled moray ,Sawtooth moray Anguilliformes,Muraenidae,Gymnothorax pseudothyrsoideus,native ,Highfin moray ,Highfin moray Anguilliformes,Muraenidae,Gymnothorax thyrsoideus,native ,Greyface moray ,Greyface moray Anguilliformes,Muraenidae,Gymnothorax undulatus,native ,Undulated moray ,Undulate moray Myliobatiformes,Myliobatidae,Aetobatus narinari,native ,Spotted eagle ray ,Walbuulbul Myliobatiformes,Myliobatidae,Manta birostris,native ,Giant manta ,Manta ray Myliobatiformes,Myliobatidae,Mobula japanica,questionable ,Spinetail mobula ,Japanese devilray Myliobatiformes,Myliobatidae,Myliobatis australis,native ,Australian bull ray ,Southern eagle ray Myliobatiformes,Myliobatidae,Rhinoptera neglecta,native ,Australian cownose ray ,Australian cownose ray Perciformes,Nemipteridae,Pentapodus aureofasciatus,native ,Yellowstripe threadfin bream ,Yellowstripe threadfin bream Perciformes,Nemipteridae,Scolopsis bilineata,native ,Two-lined monocle bream ,Two-line monocle bream Perciformes,Nemipteridae,Scolopsis monogramma,native ,Monogrammed monocle bream ,Rainbow monocle bream Scorpaeniformes,Neosebastidae,Neosebastes incisipinnis,native ,Incised gurnard perch ,Incised gurnard perch Scorpaeniformes,Neosebastidae,Neosebastes scorpaenoides,native ,Ruddy gurnard perch ,Common gurnard perch Perciformes,Odacidae,Heteroscarus acroptilus,native ,Rainbow cale ,Rainbow cale Lamniformes,Odontaspididae,Carcharias taurus,native ,Sand tiger shark ,Greynurse shark Anguilliformes,Ophichthidae,Echelus uropterus,native ,Finned worm eel ,Finned snake eel Anguilliformes,Ophichthidae,Leiuranus semicinctus,native ,Saddled snake-eel ,Culverin Anguilliformes,Ophichthidae,Myrichthys colubrinus,native ,Harlequin snake eel ,Harlequin snake eel Anguilliformes,Ophichthidae,Myrichthys maculosus,native ,Tiger snake eel ,Ocellate snake eel Anguilliformes,Ophichthidae,Scolecenchelys breviceps,native ,Short-headed worm eel ,Shorthead worm eel Anguilliformes,Ophichthidae,Scolecenchelys macroptera,native ,Narrow worm eel ,Narrow worm eel Perciformes,Opistognathidae,Opistognathus jacksoniensis,native ,Smiler ,Southern smiler Orectolobiformes,Orectolobidae,Orectolobus maculatus,native ,Spotted wobbegong ,Spotted wobbegong Orectolobiformes,Orectolobidae,Orectolobus ornatus,native ,Ornate wobbegong ,Banded wobbegong Tetraodontiformes,Ostraciidae,Lactoria diaphana,native ,Roundbelly cowfish ,Roundbelly cowfish Orectolobiformes,Parascylliidae,Parascyllium collare,native ,Collared carpetshark ,Collar carpetshark Gasterosteiformes,Pegasidae,Eurypegasus draconis,native ,Short dragonfish ,Little dragonfish Perciformes,Pempheridae,Pempheris analis,native ,Bronze sweeper ,Bronze bullseye Perciformes,Pempheridae,Pempheris compressa,native ,Small-scale bullseye ,Smallscale bullseye Perciformes,Pempheridae,Pempheris oualensis,native ,Silver sweeper ,Oualan bullseye Perciformes,Pentacerotidae,Evistias acutirostris,native ,Striped boarfish ,Striped boarfish Perciformes,Pentacerotidae,Histiopterus typus,native ,Sailfin armourhead ,Threebar boarfish Perciformes,Pentacerotidae,Pentaceropsis recurvirostris,native ,Longsnout boarfish ,Longsnout boarfish Scorpaeniformes,Platycephalidae,Platycephalus indicus,native ,Bartail flathead ,Bartail flathead Perciformes,Plesiopidae,Paraplesiops bleekeri,native ,Eastern blue devil ,Eastern blue devil Perciformes,Plesiopidae,Paraplesiops poweri,native ,Northern blue devil ,Northern blue devil Perciformes,Plesiopidae,Plesiops insularis,native ,Island longfin ,Island longfin Siluriformes,Plotosidae,Plotosus lineatus,native ,Striped eel catfish ,Striped catfish Polymixiiformes,Polymixiidae,Polymixia berndti,native ,Pacific beardfish ,Berndt's beardfish Perciformes,Pomacanthidae,Centropyge bicolor,native ,Bicolor angelfish ,Bicolor angelfish Perciformes,Pomacanthidae,Centropyge bispinosa,native ,Twospined angelfish ,Coral beauty Perciformes,Pomacanthidae,Centropyge fisheri,native ,Orange angelfish ,Whitetail angelfish Perciformes,Pomacanthidae,Centropyge tibicen,native ,Keyhole angelfish ,Keyhole angelfish Perciformes,Pomacanthidae,Centropyge vrolikii,native ,Pearlscale angelfish ,Pearlscale angelfish Perciformes,Pomacanthidae,Chaetodontoplus ballinae,endemic ,Ballina angelfish ,Ballina angelfish Perciformes,Pomacanthidae,Chaetodontoplus conspicillatus,native ,Conspicuous angelfish ,Conspicuous angelfish Perciformes,Pomacanthidae,Chaetodontoplus meredithi,native ,Queensland yellowtail angelfish ,Queensland yellowtail angelfish Perciformes,Pomacanthidae,Pomacanthus imperator,native ,Emperor angelfish ,Emperor angelfish Perciformes,Pomacanthidae,Pomacanthus semicirculatus,native ,Semicircle angelfish ,Blue angelfish Perciformes,Pomacanthidae,Pygoplites diacanthus,native ,Regal angelfish ,Regal angelfish Perciformes,Pomacentridae,Abudefduf bengalensis,native ,Bengal sergeant ,Bengal sergeant Perciformes,Pomacentridae,Abudefduf sexfasciatus,native ,Scissortail sergeant ,Scissortail sergeant Perciformes,Pomacentridae,Abudefduf sordidus,native ,Blackspot sergeant ,Blackspot sergeant Perciformes,Pomacentridae,Abudefduf vaigiensis,native ,Indo-Pacific sergeant ,Indo-pacific sergeant Perciformes,Pomacentridae,Abudefduf whitleyi,native ,Whitley's sergeant ,Whitle's sergeant Perciformes,Pomacentridae,Amphiprion akindynos,native ,Barrier reef anemonefish ,Barrier reef anemonefish Perciformes,Pomacentridae,Amphiprion latezonatus,native ,Wide-band Anemonefish ,Wideband anemonefish Perciformes,Pomacentridae,Amphiprion mccullochi,native ,Whitesnout anemonefish ,McCulloch's Anemonefish Perciformes,Pomacentridae,Amphiprion melanopus,native ,Fire clownfish ,Blackback anemonefish Perciformes,Pomacentridae,Chromis abyssicola,native ,Deepsea chromis ,Deepsea puller Perciformes,Pomacentridae,Chromis chrysura,native ,Stout chromis ,Stoutbody puller Perciformes,Pomacentridae,Chromis flavomaculata,native ,Yellow-spotted chromis ,Yellowspot puller Perciformes,Pomacentridae,Chromis fumea,native ,Smokey chromis ,Smoky puller Perciformes,Pomacentridae,Chromis hypsilepis,native ,Brown puller ,Onespot puller Perciformes,Pomacentridae,Chromis margaritifer,native ,Bicolor chromis ,Whitetail puller Perciformes,Pomacentridae,Chromis nitida,native ,Barrier reef chromis ,Yellowback puller Perciformes,Pomacentridae,Chromis vanderbilti,native ,Vanderbilt's chromis ,Vanderbilt's puller Perciformes,Pomacentridae,Chromis weberi,native ,Weber's chromis ,Weber's puller Perciformes,Pomacentridae,Chrysiptera brownriggii,native ,Surge damselfish ,Surge demoiselle Perciformes,Pomacentridae,Chrysiptera cyanea,native ,Sapphire devil ,Blue demoiselle Perciformes,Pomacentridae,Chrysiptera flavipinnis,native ,Yellowfin damselfish ,Yellowfin demoiselle Perciformes,Pomacentridae,Chrysiptera glauca,native ,Grey demoiselle ,Grey demoiselle Perciformes,Pomacentridae,Chrysiptera notialis,native ,Southern demoiselle ,Southern demoiselle Perciformes,Pomacentridae,Chrysiptera rex,native ,King demoiselle ,Pink demoiselle Perciformes,Pomacentridae,Chrysiptera rollandi,native ,Rolland's demoiselle ,Bluehead demoiselle Perciformes,Pomacentridae,Chrysiptera starcki,native ,Starck's demoiselle ,Starck's demoiselle Perciformes,Pomacentridae,Chrysiptera tricincta,native ,Threeband damselfish ,Threeband demoiselle Perciformes,Pomacentridae,Dascyllus aruanus,native ,Whitetail dascyllus ,Banded humbug Perciformes,Pomacentridae,Dascyllus trimaculatus,native ,Threespot dascyllus ,Threespot humbug Perciformes,Pomacentridae,Mecaenichthys immaculatus,native ,Immaculate damsel ,Immaculate damsel Perciformes,Pomacentridae,Neoglyphidodon polyacanthus,native ,Multispine damselfish ,Multispine damsel Perciformes,Pomacentridae,Neopomacentrus azysron,native ,Yellowtail demoiselle ,Yellowtail demoiselle Perciformes,Pomacentridae,Neopomacentrus bankieri,native ,Chinese demoiselle ,Chinese demoiselle Perciformes,Pomacentridae,Neopomacentrus cyanomos,native ,Regal demoiselle ,Regal demoiselle Perciformes,Pomacentridae,Parma microlepis,native ,White-ear scalyfin ,White-ear Perciformes,Pomacentridae,Parma oligolepis,native ,Big-scale parma ,Bigscale scalyfin Perciformes,Pomacentridae,Parma polylepis,native ,Banded parma ,Banded scalyfin Perciformes,Pomacentridae,Parma unifasciata,native ,Girdled scalyfin ,Girdled scalyfin Perciformes,Pomacentridae,Plectroglyphidodon johnstonianus,native ,Johnston Island damsel ,Johnston damsel Perciformes,Pomacentridae,Plectroglyphidodon lacrymatus,native ,Whitespotted devil ,Jewel damsel Perciformes,Pomacentridae,Plectroglyphidodon leucozonus,native ,Singlebar devil ,Whiteband damsel Perciformes,Pomacentridae,Pomacentrus amboinensis,native ,Ambon damsel ,Ambon damsel Perciformes,Pomacentridae,Pomacentrus australis,native ,Australian damsel ,Australian damsel Perciformes,Pomacentridae,Pomacentrus bankanensis,native ,Speckled damselfish ,Speckled damsel Perciformes,Pomacentridae,Pomacentrus chrysurus,native ,Whitetail damsel ,Whitetail damsel Perciformes,Pomacentridae,Pomacentrus coelestis,native ,Neon damselfish ,Neon damsel Perciformes,Pomacentridae,Pomacentrus nagasakiensis,native ,Nagasaki damsel ,Blue-scribbled damsel Perciformes,Pomacentridae,Pomacentrus pavo,native ,Sapphire damsel ,Peacock damsel Perciformes,Pomacentridae,Pomacentrus wardi,native ,Ward's damsel ,Ward's damsel Perciformes,Pomacentridae,Pristotis obtusirostris,native ,Gulf damselfish ,Gulf damsel Perciformes,Pomacentridae,Stegastes apicalis,native ,Australian gregory ,Yellowtip gregory Perciformes,Pomacentridae,Stegastes fasciolatus,native ,Pacific gregory ,Pacific gregory Perciformes,Pomacentridae,Stegastes gascoynei,native ,Coral sea gregory ,Coral Sea gregory Perciformes,Priacanthidae,Cookeolus japonicus,native ,Longfinned bullseye ,Longfin bigeye Perciformes,Priacanthidae,Heteropriacanthus cruentatus,native ,Glasseye ,Blotched bigeye Perciformes,Priacanthidae,Priacanthus hamrur,native ,Moontail bullseye ,Lunartail bigeye Perciformes,Priacanthidae,Priacanthus macracanthus,native ,Red bigeye ,Spotted bigeye Perciformes,Pseudochromidae,Cypho purpurascens,native ,Oblique-lined dottyback ,Lavender dottyback Perciformes,Pseudochromidae,Pseudochromis cyanotaenia,native ,Surge dottyback ,Yellowhead dottyback Perciformes,Pseudochromidae,Pseudoplesiops howensis,native ,Lord Howe Dottyback ,Lord Howe Dottyback Perciformes,Rachycentridae,Rachycentron canadum,native ,Cobia ,Cobia Rajiformes,Rhinobatidae,Rhina ancylostoma,native ,Bowmouth guitarfish ,Shark ray Rajiformes,Rhinobatidae,Rhynchobatus djiddensis,questionable ,Giant guitarfish ,Mirbuy Perciformes,Scaridae,Calotomus carolinus,native ,Carolines parrotfish ,Star-eye parrotfish Perciformes,Scaridae,Chlorurus microrhinos,native ,Steephead parrots ,Steephead parrotfish Perciformes,Scaridae,Chlorurus sordidus,native ,Daisy parrotfish ,Greenfin parrotfish Perciformes,Scaridae,Leptoscarus vaigiensis,native ,Marbled parrotfish ,Marbled parrotfish Perciformes,Scaridae,Scarus altipinnis,native ,Filament-finned parrotfish ,Mini-fin parrotfish Perciformes,Scaridae,Scarus chameleon,native ,Chameleon parrotfish ,Chameleon parrotfish Perciformes,Scaridae,Scarus ghobban,native ,Blue-barred parrotfish ,Bluebarred parrotfish Perciformes,Scaridae,Scarus rivulatus,native ,Rivulated parrotfish ,Surf parrotfish Perciformes,Scaridae,Scarus rubroviolaceus,native ,Ember parrotfish ,Blackvein parrotfish Perciformes,Scatophagidae,Scatophagus argus,native ,Spotted scat ,Spotted scat Perciformes,Scombridae,Grammatorcynus bicarinatus,native ,Shark mackerel ,Shark mackerel Scorpaeniformes,Scorpaenidae,Caracanthus maculatus,native ,Spotted coral croucher ,Spotted croucher Scorpaeniformes,Scorpaenidae,Dendrochirus brachypterus,native ,Shortfin turkeyfish ,Dwarf lionfish Scorpaeniformes,Scorpaenidae,Dendrochirus zebra,native ,Zebra turkeyfish ,Zebra lionfish Scorpaeniformes,Scorpaenidae,Pterois antennata,native ,Broadbarred firefish ,Spotfin lionfish Scorpaeniformes,Scorpaenidae,Pterois volitans,native ,Red lionfish ,Common lionfish Scorpaeniformes,Scorpaenidae,Scorpaena cardinalis,native ,Eastern red scorpionfish ,Cook's scorpionfish Scorpaeniformes,Scorpaenidae,Scorpaena jacksoniensis,native ,,Eastern Red scorpionfish Scorpaeniformes,Scorpaenidae,Scorpaenodes guamensis,native ,Guam scorpionfish ,Guam scorpionfish Scorpaeniformes,Scorpaenidae,Scorpaenodes hirsutus,native ,Hairy scorpionfish ,Hairy scorpionfish Scorpaeniformes,Scorpaenidae,Scorpaenodes scaber,native ,Pygmy scorpionfish ,Pygmy scorpionfish Scorpaeniformes,Scorpaenidae,Scorpaenopsis diabolus,native ,False stonefish ,False stonefish Scorpaeniformes,Scorpaenidae,Scorpaenopsis macrochir,native ,Flasher scorpionfish ,Humpback scorpionfish Scorpaeniformes,Scorpaenidae,Scorpaenopsis papuensis,native ,Papuan scorpionfish ,Papua scorpionfish Carcharhiniformes,Scyliorhinidae,Asymbolus analis,native ,Australian spotted catshark ,Grey spotted catshark Perciformes,Serranidae,Acanthistius cinctus,native ,Yellowbanded perch ,Yellowbanded wirrah Perciformes,Serranidae,Acanthistius ocellatus,native ,Eastern wirrah ,Eastern wirrah Perciformes,Serranidae,Acanthistius paxtoni,endemic ,Orangelined wirrah ,Orangelined wirrah Perciformes,Serranidae,Aulacocephalus temminckii,native ,Goldribbon soapfish ,Goldribbon cod Perciformes,Serranidae,Caprodon longimanus,native ,Pink maomao ,Longfin perch Perciformes,Serranidae,Cromileptes altivelis,native ,Humpback grouper ,Barramundi cod Perciformes,Serranidae,Diploprion bifasciatum,native ,Barred soapfish ,Barred soapfish Perciformes,Serranidae,Epinephelus coeruleopunctatus,native ,Whitespotted grouper ,Whitespotted grouper Perciformes,Serranidae,Epinephelus coioides,native ,Orange-spotted grouper ,Goldspotted rockcod Perciformes,Serranidae,Epinephelus corallicola,native ,Coral grouper ,Coral grouper Perciformes,Serranidae,Epinephelus cyanopodus,native ,Speckled blue grouper ,Purple rockcod Perciformes,Serranidae,Epinephelus daemelii,native ,Saddletail grouper ,Black rockcod Perciformes,Serranidae,Epinephelus fasciatus,native ,Blacktip grouper ,Blacktip rockcod Perciformes,Serranidae,Epinephelus lanceolatus,native ,Giant grouper ,Queensland groper Perciformes,Serranidae,Epinephelus maculatus,native ,Highfin grouper ,Highfin grouper Perciformes,Serranidae,Epinephelus malabaricus,native ,Malabar grouper ,Blackspotted rockcod Perciformes,Serranidae,Epinephelus merra,native ,Honeycomb grouper ,Birdwire rockcod Perciformes,Serranidae,Epinephelus morrhua,native ,Comet grouper ,Comet grouper Perciformes,Serranidae,Epinephelus quoyanus,native ,Longfin grouper ,Longfin rockcod Perciformes,Serranidae,Epinephelus rivulatus,native ,Halfmoon grouper ,Chinaman rockcod Perciformes,Serranidae,Epinephelus tauvina,native ,Greasy grouper ,Greasy rockcod Perciformes,Serranidae,Epinephelus undulatostriatus,native ,Maori grouper ,Maori rockcod Perciformes,Serranidae,Hypoplectrodes annulatus,native ,Blackbanded seaperch ,Blackbanded seaperch Perciformes,Serranidae,Hypoplectrodes maccullochi,native ,Half-banded seaperch ,Halfbanded seaperch Perciformes,Serranidae,Hypoplectrodes nigroruber,native ,Black-banded sea perch ,Banded seaperch Perciformes,Serranidae,Lepidoperca caesiopercula,native ,Greycheek basslet ,Greycheek basslet Perciformes,Serranidae,Pseudanthias hypselosoma,native ,Stocky anthias ,Pink basslet Perciformes,Serranidae,Pseudanthias pictilis,native ,Painted anthias ,Painted basslet Perciformes,Serranidae,Pseudanthias squamipinnis,native ,Sea goldie ,Orange basslet Perciformes,Serranidae,Variola louti,native ,Yellow-edged lyretail ,Yellowedge coronation trout Pleuronectiformes,Soleidae,Pardachirus pavoninus,native ,Peacock sole ,Peacock sole Syngnathiformes,Solenostomidae,Solenostomus armatus,native ,Armored pipefish ,Longtail ghostpipefish Syngnathiformes,Solenostomidae,Solenostomus cyanopterus,native ,Ghost pipefish ,Robust ghostpipefish Syngnathiformes,Solenostomidae,Solenostomus paradoxus,native ,Harlequin ghost pipefish ,Ornate ghostpipefish Perciformes,Sparidae,Pagrus auratus,native ,Silver seabream ,Snapper Perciformes,Sparidae,Rhabdosargus sarba,native ,Goldlined seabream ,Tarwhine Perciformes,Sphyraenidae,Sphyraena obtusata,native ,Obtuse barracuda ,Striped barracuda Orectolobiformes,Stegostomatidae,Stegostoma fasciatum,native ,Zebra shark ,Zebra shark Scorpaeniformes,Synanceiidae,Erosa erosa,native ,Pitted stonefish ,Pacific monkeyfish Scorpaeniformes,Synanceiidae,Inimicus caledonicus,native ,Chinese ghoul ,Demon stingerfish Scorpaeniformes,Synanceiidae,Synanceia horrida,native ,Estuarine stonefish ,Estuarine stonefish Syngnathiformes,Syngnathidae,Heraldia nocturna,native ,Upside-down pipefish ,Upside-down pipefish Syngnathiformes,Syngnathidae,Hippocampus minotaur,native ,Bullneck seahorse ,Bullneck seahorse Syngnathiformes,Syngnathidae,Histiogamphelus briggsii,native ,Briggs' pipefish ,Crested pipefish Syngnathiformes,Syngnathidae,Idiotropiscis lumnitzeri,native ,Sydney's pygmy pipehorse ,Sydney's pygmy pipehorse Syngnathiformes,Syngnathidae,Phyllopteryx taeniolatus,native ,Common seadragon ,Common seadragon Syngnathiformes,Syngnathidae,Syngnathoides biaculeatus,native ,Alligator pipefish ,Double-end pipehorse Syngnathiformes,Syngnathidae,Trachyrhamphus bicoarctatus,native ,Double-ended pipefish ,Bentstick pipefish Aulopiformes,Synodontidae,Saurida nebulosa,native ,Clouded lizardfish ,Clouded saury Aulopiformes,Synodontidae,Saurida tumbil,native ,Greater lizardfish ,Common saury Aulopiformes,Synodontidae,Saurida undosquamis,native ,Brushtooth lizardfish ,Grey saury Aulopiformes,Synodontidae,Synodus dermatogenys,native ,Sand lizardfish ,Banded lizardfish Aulopiformes,Synodontidae,Synodus jaculum,native ,Lighthouse lizardfish ,Tailspot lizardfish Aulopiformes,Synodontidae,Synodus myops,native ,Snakefish ,Painted grinner Aulopiformes,Synodontidae,Synodus variegatus,native ,Variegated lizardfish ,Variegated lizardfish Perciformes,Terapontidae,Pelates quadrilineatus,native ,Fourlined terapon ,Fourline striped grunter Perciformes,Terapontidae,Terapon theraps,native ,Largescaled terapon ,Largescale grunter Tetraodontiformes,Tetraodontidae,Arothron manilensis,native ,Narrow-lined puffer ,Tetraodontiformes,Tetraodontidae,Arothron nigropunctatus,native ,Blackspotted puffer ,Blackspotted puffer Tetraodontiformes,Tetraodontidae,Canthigaster axiologus,native ,Pacific crown toby ,Tetraodontiformes,Tetraodontidae,Canthigaster bennetti,native ,Bennett's sharpnose puffer ,Tetraodontiformes,Tetraodontidae,Lagocephalus sceleratus,native ,Silver-cheeked toadfish ,North-West blowfish Scorpaeniformes,Tetrarogidae,Ablabys taenianotus,native ,Cockatoo waspfish ,Cockatoo waspfish Scorpaeniformes,Tetrarogidae,Centropogon australis,native ,Fortescue ,Eastern fortescue Scorpaeniformes,Tetrarogidae,Glyptauchen panduratus,native ,Goblinfish ,Goblinfish Beryciformes,Trachichthyidae,Trachichthys australis,native ,Roughy ,Southern roughy Perciformes,Tripterygiidae,Enneapterygius atrogulare,native ,Blackthroat Triplefin ,Eastern Australian blackhead triplefin Perciformes,Tripterygiidae,Enneapterygius hemimelas,native ,Halfblack Triplefin ,Half-black triplefin Perciformes,Tripterygiidae,Enneapterygius howensis,endemic ,Lord Howe Island triplefin ,Lord Howe Island triplefin Perciformes,Tripterygiidae,Enneapterygius rufopileus,native ,Redcap triplefin ,Lord Howe black-head triplefin Perciformes,Tripterygiidae,Enneapterygius similis,native ,Black-and-Red Triplefin ,Masked threefin Perciformes,Tripterygiidae,Norfolkia squamiceps,native ,Scalyhead Triplefin ,Lord Howe scaly-headed triplefin Perciformes,Tripterygiidae,Norfolkia thomasi,native ,Thomas' triplefin ,Thomas' triplefin 